raw,canonical,priority,notes
rod-shaped,rod,1,
rod shaped,rod,1,
coccus-shaped,coccus,1,
coccus shaped,coccus,1,
sphere-shaped,coccus,1,
spherical,coccus,1,
ovoid-shaped,ovoid,1,BacDive uses ovoid- and oval-shaped interchangeably; v7 shipped both as separate sets.
oval-shaped,ovoid,1,
ovoid,ovoid,1,
oval,ovoid,1,
curved-shaped,curved,1,
curved,curved,1,
vibrio-shaped,curved,1,
spiral-shaped,spiral,1,
spirillum-shaped,spiral,1,
helical-shaped,spiral,1,
filament-shaped,filament,1,
filamentous,filament,1,
pleomorphic-shaped,pleomorphic,2,
pleomorphic,pleomorphic,2,
coccobacillus-shaped,coccobacillus,1,
flask-shaped,flask,1,
ring-shaped,ring,1,
